record_id,title,document_number,issuing_authority,joint_issuing_authorities,publication_date,effective_date,expiry_date,validity_status,administrative_level,document_type,formal_policy,material_category,topic,source_domain,source_page_url,attachment_url,parent_column_url,original_filename,file_format,local_raw_path,text_path,full_text,text_length,summary,key_measures,relevant_regions,matched_keywords,relevance_level,relevance_score,relevance_reason,involved_regions,cross_boundary_relation,matched_location_terms,matched_relation_terms,discovery_method,crawl_time,content_sha256,parsing_status,review_status,duplicate_of,alternate_sources,error
246c6627d706e8f5,第141271号：关于推动‘双莱’一体化发展的建议的答复,,烟台市发展和改革委员会,,2022-07-04,,,,,官方实施材料,false,evidence,体制机制|交通互联|土地和要素保障,www.yantai.gov.cn,https://www.yantai.gov.cn/art/2022/7/4/art_45946_2979670.html,,https://www.yantai.gov.cn/col/col45946/,,html,,,"第141271号：关于推动‘双莱’一体化发展的建议的答复
第141271号：关于推动‘双莱’一体化发展的建议的答复
发布日期：2022年7月4日 发布机构：烟台市发展和改革委员会
莱西莱阳一体化发展先行区是区域融合发展战略支点。答复提出完善体制机制、加强莱阳与莱西产业协作、推动基础设施互联互通和资源要素保障。",155,"第141271号：关于推动‘双莱’一体化发展的建议的答复
第141271号：关于推动‘双莱’一体化发展的建议的答复
发布日期：2022年7月4日 发布机构：烟台市发展和改革委员会
莱西莱阳一体化发展先行区是区域融合发展战略支点。答复提出完善体制机制、加强莱阳与莱西产业协作、推动基础设施互联互通和资源要素保障。",,莱西|莱阳|烟台,莱西|莱阳|烟台|互联互通|融合|一体化,A,70,正文同时出现莱西和莱阳 +25；出现跨域关系词 +15；出现双莱/先行区高价值词 +30,莱西|莱阳|烟台,,莱西|莱阳|烟台,互联互通|融合|一体化,government_search_trial,2026-07-21T00:00:00+08:00,75afe6182f198ec8f8dca462d1e22a80dee5e6c4d41b0eb7a6208c13fda6810e,parsed,auto_classified,,,
b44bba2550c4901a,山东莱西至荣成高速铁路开通运营,,青岛市发展和改革委员会,,2023-12-11,,,,,官方实施材料,false,evidence,交通互联|胶东经济圈,www.qingdao.gov.cn,https://www.qingdao.gov.cn/zwgk/xxgk/fgw/ywfl/jjfz/202312/t20231211_7707216.shtml,,https://www.qingdao.gov.cn/zwgk/xxgk/fgw/ywfl/jjfz/,,html,,,"山东莱西至荣成高速铁路开通运营
发布日期：2023年12月11日 来源：青岛市发展和改革委员会
线路西起青岛莱西，经过烟台莱阳等地。开通后便利沿线往来，促进胶东经济圈一体化发展，构成跨市域交通互联的重要实施证据。",106,"山东莱西至荣成高速铁路开通运营
发布日期：2023年12月11日 来源：青岛市发展和改革委员会
线路西起青岛莱西，经过烟台莱阳等地。开通后便利沿线往来，促进胶东经济圈一体化发展，构成跨市域交通互联的重要实施证据。",,莱西|莱阳|青岛|烟台|胶东经济圈,莱西|莱阳|青岛|烟台|胶东经济圈|一体化,A,100,正文同时出现莱西和莱阳 +25；正文同时出现青岛和烟台 +10；出现跨域关系词 +15；出现边界治理词 +20；出现共同项目或跨域服务 +20；出现上位区域战略 +10,莱西|莱阳|青岛|烟台|胶东经济圈,跨市域,莱西|莱阳|青岛|烟台|胶东经济圈,一体化,government_search_trial,2026-07-21T00:00:00+08:00,300c4040441c595e2b27987200ba57239ef643e297bdf26a9b72285dc6a9867b,parsed,auto_classified,,,
