record_id,title,document_number,issuing_authority,joint_issuing_authorities,publication_date,effective_date,expiry_date,validity_status,administrative_level,document_type,formal_policy,material_category,topic,source_domain,source_page_url,attachment_url,parent_column_url,original_filename,file_format,full_text,text_length,summary,key_measures,relevant_regions,matched_keywords,relevance_level,relevance_score,relevance_reason,involved_regions,cross_boundary_relation,matched_location_terms,matched_relation_terms,discovery_method,crawl_time,content_sha256,parsing_status,review_status,duplicate_of,alternate_sources,error
849bc8a95fffed8f,习近平对重庆彭水县山体崩塌作出重要指示,,,,2026-07-20,,,,,会议,false,evidence,规划与空间布局|交通互联|公共服务|生态环境|科技创新|财政支持,www.yantai.gov.cn,https://www.yantai.gov.cn/,,https://www.yantai.gov.cn/,,html,"习近平对重庆彭水县山体崩塌作出重要指示
习近平对重庆彭水县山体崩塌作出重要指示强调科学组织搜救 加强监测预警和巡查排险切实保障人民群众生命财产安全李强作出批示新华社北京7月17日电 7月17日9时10分许，重庆彭水县汉葭街道发生一起山体...
查看详情
习近平在2026世界人工智能大会暨人工智能全球治理高级别会议开幕式上的主旨讲话（全文）
习近平出席2026世界人工智能大会暨人工智能全球治理高级别会议开幕式并发表主旨讲话
《求是》杂志发表习近平总书记重要文章《在庆祝中国共产党成立105周年大会上的讲话》
习近平在2026世界人工智能大会暨人工智能全球治理高级别会议开幕式上的主旨讲话（全文）
习近平出席2026世界人工智能大会暨人工智能全球治理高级别会议开幕式并发表主旨讲话
《求是》杂志发表习近平总书记重要文章《在庆祝中国共产党成立105周年大会上的讲话》
政务要闻
省政府信息
国务院信息
更多>
我市聚焦生物医药产业高质量发展举行“智慧烟台大讲堂—产业赋能”培训
2026-07-20
我市与波黑拉克塔希市缔结友好合作关系
2026-07-16
张明康在督导防汛防台风工作时强调
强化应急准备  落细防范措施 全力以赴做好防汛防台风工作
2026-07-13
江成在防汛工作专题会议上强调
严防死守严阵以待严密防范 全力以赴做好台风防御工作
2026-07-12
市委常委会召开扩大会议
传达学习习近平总书记重要讲话、重要指示精神
研究部署安全生产、防汛防台风等工作
2026-07-10
市人民政府与国网山东省电力公司签署“十五五”发展合作框架协议
2026-07-09
更多>>
威海｜一个项目兴一方乡野
2026-07-20
潍坊｜2026年企业出海系列培训（绿色农业产业专场）活动在潍举办
2026-07-20
枣庄｜6月份枣庄居民消费价格同比上涨0.8%
2026-07-20
济南｜泉城AI力量闪耀世界人工智能大会
2026-07-20
山东正用临床验证这把钥匙，打开未来产业大门
2026-07-20
推动党支部建设提质增效
2026-07-19
更多>>
习近平对重庆彭水县山体崩塌作出重要指示
2026-07-18
习近平在2026世界人工智能大会暨人工智能全球治理高级别会议开幕式上的主旨讲话（全文）
2026-07-17
习近平出席2026世界人工智能大会暨人工智能全球治理高级别会议开幕式并发表主旨讲话
2026-07-17
习近平会见哈萨克斯坦总统托卡耶夫
2026-07-17
《求是》杂志发表习近平总书记重要文章《在庆祝中国共产党成立105周年大会上的讲话》
2026-07-15
李强主持召开经济形势专家和企业家座谈会
2026-07-13
更多>>
通知公告
今日烟台
区市动态
部门动态
更多>
中共烟台市人民政府国有资产监督管理委员会委员会关于巡察整改情况的通报
2026-02-06
烟台市国资委网站2025年度工作报表
2026-01-20
烟台市政府门户网站2025年度工作报表
2026-01-16
烟台市拟提名2026年度山东省科学技术奖项目（人选）公示
2026-07-20
2026年烟台市教育局直属学校第三次面向社会公开招聘教师进入考察体检范围人员公示
2026-07-20
公  示
2026-07-20
更多>>
烟台1160个行政村将分类界定打造
2026-07-20
7月18日—8月31日 养马岛实施交通管制
2026-07-17
烟台市上半年为 1.3万名残疾人提供基本康复服务
2026-07-16
烟台市评出10名“优秀健康卫士”
2026-07-15
首例药企无人物流系统落地烟台
2026-07-14
烟台体育公园重装升级，即将重启！
2026-07-13
更多>>
[黄渤海新区]
微纳传感半导体特色产业集群成功入选 烟台黄渤海新区再添“...
2026-07-20
[莱山区]
关于新增滨海中路为严管路段的通告
2026-07-15
[龙口市]
龙口乡亲寄赠物资慰问广西“任常伦连”抢险官兵
2026-07-13
[蓬莱区]
蓬莱区全力构建“绿色出行、充电无忧”服务网 累计建成81...
2026-07-10
[黄渤海新区]
邻里长桌宴 共摆已八年 烟台黄渤海新区金胜社区11号楼邻...
2026-07-09
[牟平区]
夏夜晚会倡低碳 全民携手做分类
2026-07-07
区市动态
燃动绿茵！烟台球迷生活馆重磅来袭，与你共赴新主场热血狂欢！
2026-07-20
6 : 1，福山队小组第一出线！
2026-07-20
莱州市第十六届全民健身运动会高智尔球精英邀请赛圆满落幕
2026-07-20
烟台市市场监督管理局召开服务机构支撑知识产权金融工作座谈会
2026-07-20
烟台市发布知识产权（商标）领域行政执法典型案例
2026-07-20
十项措施战高温 十六条建议迎台风——我省印发专项指南织密公路安全“防护网”
2026-07-20
更多>>
一网通办
行政备案
公共服务
其他
行政检查
行政奖励
行政确认
行政裁决
行政给付
行政征收
行政强制
行政处罚
行政许可
行政许可
行政处罚
行政强制
行政征收
行政给付
行政裁决
行政确认
行政奖励
行政检查
其他
公共服务
行政备案
我来评改革
政务公开
市政府文件
市政府办公室文件
政策解读
更多>
烟台市人民政府关于公布烟台市人民政府2026年度行政规范性文件制定计划的通知
2026-03-23
烟台市人民政府关于公布烟台市人民政府2026年度重大行政决策事项目录的通知
2026-03-20
烟台市人民政府关于印发烟台市2026年促进经济“稳中求进、提质增效”政策清单的通...
2026-03-17
烟台市人民政府关于修改《烟台市人民政府关于调整烟台市高污染燃料禁燃区的通知》的通...
2026-02-01
烟台市人民政府关于调整《烟台市人民政府2025年度重大行政决策事项目录》的通知
2025-12-31
烟台市人民政府关于开展第四次全国农业普查的通知
2025-12-11
烟台市人民政府关于印发烟台市压煤村庄搬迁补偿安置办法的通知
2025-12-08
更多>>
烟台市人民政府办公室关于印发烟台市防汛抗旱防台风应急预案的通知
2026-07-20
烟台市人民政府办公室关于继续执行《烟台市外商投资企业投诉工作办法》的通知
2026-07-07
烟台市人民政府办公室关于印发推动养老产业高质量发展三年行动方案（2026—202...
2026-07-01
烟台市人民政府办公室关于推动海参产业高质量发展的实施意见
2026-06-27
烟台市人民政府办公室关于印发烟台市完善长期护理保险制度实施方案的通知
2026-06-24
烟台市人民政府办公室关于印发落实2026年山东省政务公开工作要点工作台账的通知
2026-06-05
烟台市人民政府办公室关于公布2025年度烟台市科技创新成果竞赛结果的通知
2026-05-12
更多>>
文字解读 | 关于开展第十二批农业产业化市级龙头企业申报工作的通知
2026-07-14
文字解读丨关于推进水利工程招标投标远程异地评标有关工作的通知
2026-07-13
文字解读丨烟台市外商投资企业投诉工作办法
2026-07-10
文字解读|《烟台市定点医药机构相关人员医保支付资格管理记分修复办法（试行）》
2026-07-07
文字解读 | 推动养老产业高质量发展三年行动方案（2026-2028年）
2026-07-01
文字解读 | 烟台市生态环境局、烟台市自然资源和规划局关于印发《烟台市建设用地土壤污染风险评估、风险管控及修复效果评估报告评审工作指南》的通知
2026-06-30
文字解读丨烟台市2026年消费品以旧换新地方自主品类补贴活动实施细则
2026-06-17
更多>>
政府信息公开指南
政府信息公开制度
法定主动公开内容
政府信息公开年报
依申请公开
部门信息公开
政府网站年度报表
政府对外公开电话
市政府领导
机构职能
权责清单
政府公报
政府工作报告
常务会议
政策解读
人事信息
财政预决算
扩大有效投资
优化营商环境
建议提案
互动交流
热点回应
更多>
网上民声
更多>
新闻发布会
更多>
2026年6月26日全市禁毒工作新闻发布会
2026年5月18日“开局起步‘十五五’”专题新闻发布会
意见征集
更多>
2026-08-10
关于公开征集《烟台市户外广告和牌匾标识设置管理办法（草案）》意见的公告
2026-08-10
关于《烟台市水安全保障“十五五”规划（征求意见稿）》向社会公开征求意见建议的公告
2026-08-07
烟台市交通运输局关于《烟台市“十五五”综合交通运输发展规划（征求意见稿）》公开征求意见的公告
2026-07-30
关于公开征集《烟台市人民政府关于修改和废止部分政府规章的决定（草案）》意见的公告
2026-07-08
关于《烟台市政府投资管理办法（征求意见稿）》向社会公开征求意见建议的公告
留言办理情况
市长信箱
网上信访
我要提问
投诉举报
专题
×",3778,"习近平对重庆彭水县山体崩塌作出重要指示
习近平对重庆彭水县山体崩塌作出重要指示强调科学组织搜救 加强监测预警和巡查排险切实保障人民群众生命财产安全李强作出批示新华社北京7月17日电 7月17日9时10分许，重庆彭水县汉葭街道发生一起山体...
查看详情
习近平在2026世界人工智能大会暨人工智能全球治理高级别会议开幕式上的主旨讲话（全文）
习近平出席2026世界人工智能大会暨人工智能全球治理高级别会议开幕式并发表主旨讲话
《求是》杂志发表习近平总书记重要文章《在庆祝中国共产党成立105周年大会上的讲话》
习近平在2026世界人工智能大会暨人工智能全球治理高级别会议开幕式上的主旨讲话（全文）
习",,烟台,烟台|合作,C,15,出现跨域关系词 +15,烟台,,烟台,合作,entry,2026-07-20T16:49:34.759210+00:00,331b9ef24f0826fb761883e6fc60e68d67acee92fdcb1bac44f296fbe2ade7ad,parsed,pending,,,
f9ffadfa0547cbc6,习近平对重庆彭水县山体崩塌作出重要指示,,,,,,,,,官方实施材料,false,evidence,,www.yantai.gov.cn,https://www.yantai.gov.cn/col/col44655/art/2026/art_ad6e908421ea71d012f1e14d6600e10b.html,,,,html,"习近平对重庆彭水县山体崩塌作出重要指示强调
科学组织搜救 加强监测预警和巡查排险
切实保障人民群众生命财产安全
李强作出批示
新华社北京7月17日电 7月17日9时10分许，重庆彭水县汉葭街道发生一起山体崩塌，造成多人被埋失联。
灾害发生后，中共中央总书记、国家主席、中央军委主席习近平高度重视并作出重要指示指出，重庆彭水县发生山体崩塌造成多人失联，要科学组织搜救，防止发生次生灾害，妥善做好伤员救治、善后处置等工作。要查明原因，举一反三，深入排查消除地质灾害等隐患。
习近平强调，各地区各有关部门要进一步落实安全工作责任，加强监测预警和巡查排险，抓实抓细各项工作，切实保障人民群众生命财产安全。
中共中央政治局常委、国务院总理李强作出批示指出，要指导帮助重庆市全力开展救援处置、伤员救治、受灾群众安置等工作，并严防次生灾害。要进一步压实各地各有关方面责任，全面排查风险隐患，扎实做好灾害防范应对。
根据习近平重要指示和李强要求，中共中央政治局委员、国务院副总理张国清率有关部门负责同志赶赴现场指导救援处置工作。重庆已组织力量全力做好现场搜救、伤员救治和善后处置等工作。目前，有关工作正在进行中。
扫一扫在手机打开当前页",510,"习近平对重庆彭水县山体崩塌作出重要指示强调
科学组织搜救 加强监测预警和巡查排险
切实保障人民群众生命财产安全
李强作出批示
新华社北京7月17日电 7月17日9时10分许，重庆彭水县汉葭街道发生一起山体崩塌，造成多人被埋失联。
灾害发生后，中共中央总书记、国家主席、中央军委主席习近平高度重视并作出重要指示指出，重庆彭水县发生山体崩塌造成多人失联，要科学组织搜救，防止发生次生灾害，妥善做好伤员救治、善后处置等工作。要查明原因，举一反三，深入排查消除地质灾害等隐患。
习近平强调，各地区各有关部门要进一步落实安全工作责任，加强监测预警和巡查排险，抓实抓细各项工作，切实保障人民群众生命财产安全。
中",,,,D,0,缺少实质跨域关系,,,,,link_tracking,2026-07-20T16:49:35.101802+00:00,e55f12ee32ea42c95080305d3f295a31d1befbe74b236973ea948a2cb2c40394,parsed,pending,,,
1effa9438003ae50,习近平在2026世界人工智能大会暨人工智能全球治理高级别会议开幕式上的主旨讲话（全文）,,,,2026-07-17,,,,,会议,false,evidence,规划与空间布局|科技创新,www.yantai.gov.cn,https://www.yantai.gov.cn/col/col44655/art/2026/art_73023161c078a8772ce1165fb04ed7d0.html,,,,html,"携手构建公正合理的全球人工智能治理体系
——在2026世界人工智能大会暨人工智能全球治理高级别会议开幕式上的主旨讲话
（2026年7月17日，上海）
中华人民共和国主席 习近平
尊敬的各位同事、各位来宾，
女士们，先生们，朋友们：
70年前，一群年轻学者在美国新罕布什尔州达特茅斯会议上首次提出人工智能概念。70年间，世界各国人工智能科学家和研发者不断在未知中求索、在曲折中前行、在坚守中突破。70年后，面对新一轮蓬勃发展的人工智能浪潮，我们相聚在浦江之畔，共同探讨促进全球人工智能朝着向上向善、造福人类的方向发展，具有重要意义。我谨代表中国政府和中国人民，对大家的到来表示热烈欢迎。
回望历史，蒸汽机的发明开启工业文明，电力的普及点亮现代社会，互联网的诞生连接整个世界。每一次科技革命都深刻重构人类生产生活方式，推动经济社会发展大幅跃升。
当前，世界百年变局加速演进，新一轮科技革命和产业变革加速突破，全球人工智能技术创新进入前所未有的活跃期，万物智联、人机协同、跨界融合、共创分享的智能技术，叠加释放巨大能量，既蕴含巨大机遇，也面临治理挑战。人类不得不直面时代之问：当机器开始思考，人类如何与之相处？当算法参与决策，安全如何保障？当技术挑战伦理，治理如何跟上？当鸿沟不断拉大，普惠如何实现？这些问题需要国际社会深入思考、共同作答。
中方认为，各国应当秉持以人为本、向上向善理念，让人工智能成为促进共同繁荣、维护共同安全的一个重要动力源，携手构建公正合理的全球人工智能治理体系。在此，我提4点意见。
第一，坚持开放共赢，驱动创新发展。人工智能是世界经济增长的新引擎和新旧动能转换的加速器，正从“数字世界”走向“物理世界”。要抓住难得的历史性机遇，鼓励开源开放、合作共享，全面促进人工智能科技创新、产业发展、场景应用，协同推进传统产业改造升级、新兴产业培育壮大、未来产业前瞻布局，让人工智能赋能千行百业。
第二，强化风险意识，确保安全可控。人工智能应当成为人类的可信工具。要高度重视人工智能引发的各类内生和衍生风险，推动构建法律法规、技术监测、风险预警、应急响应体系，筑牢安全底线，防范滥用恶用，确保人工智能始终处于人类控制之下。同时，应当共同反对在人工智能领域泛化国家安全概念、把本国安全凌驾于他国安全之上的做法。
第三，鼓励包容并蓄，促进文明互鉴。人工智能发展和应用不应该侵蚀和损害世界文明多样性和各国文化独特性。要用全人类共同价值塑造人工智能的价值观，善用人工智能技术增进不同文明的理解和包容，促进不同文明交流互鉴，精心培育各美其美、美美与共的文明百花园。
第四，倡导和衷共济，完善全球治理。人工智能是全人类共同的智慧结晶和宝贵财富。要践行真正的多边主义，切实发挥联合国的重要作用，加强人工智能发展战略、治理规则、技术标准的对接协调，早日形成具有广泛共识的全球治理框架，让这一前沿技术更好造福人类社会。要广泛开展国际合作，帮助全球南方国家加强能力建设，弥合数智鸿沟，促进可持续发展，避免在人工智能领域造成新的历史不公。
女士们、先生们、朋友们！
今年是中国“十五五”开局之年。“十五五”规划为未来5年中国经济社会发展擘画蓝图，也为国际社会提供机遇清单。近年来，中国积极拥抱人工智能发展，坚持有效市场和有为政府相结合，加强人工智能科技创新，积极推进“人工智能+”行动，培育各类主体共生共荣的健康生态，智能经济核心产业规模已经超过万亿元人民币。各类智能终端走进千家万户，切实惠及民生，“中国智造”已成为中国式现代化的又一亮丽名片。
同时，中国始终坚持发展和安全并重，把握人工智能发展趋势和规律，不断完善相关法律法规、政策制度、应用规范、伦理准则，确保人工智能安全、可靠、可控，让人工智能这匹千里马既跑得快又跑得稳。
作为负责任大国，中国在人工智能领域始终致力于做国际公共产品的提供者。我提出《全球人工智能治理倡议》以来，中方先后推动联合国大会协商一致通过人工智能能力建设国际合作决议，发布《人工智能能力建设普惠计划》和《“人工智能+”国际合作倡议》，倡议成立世界人工智能合作组织，源源不断贡献中国方案。
中国人常讲，单弦不成音，独木不成林。人工智能发展不应该是某个国家的独奏，而应当是全球合作的交响。在各方共同努力下，世界人工智能合作组织在上海应运而生，一年前的构想已经转化为实际成果。这是中方响应全球南方呼声、团结国际社会积极推动人工智能发展和治理的重大举措，将成为人工智能发展史上的一个重要里程碑。
为进一步支持全球人工智能发展、推进全球人工智能能力建设，我宣布，未来5年，中国将面向发展中国家提供5000个人工智能专题研修培训名额；面向东盟、阿盟、非盟、拉共体、上合组织、金砖国家建设国际人工智能应用合作中心；推动气象智能预警方案“妈祖”在30个国家落地应用，守望万家灯火，护佑四海安澜。
女士们、先生们、朋友们！
“明者因时而变，知者随事而制。”人工智能技术发展越是一日千里，向上向善、造福人类的方向越要正确锚定，监管治理的尺度越要精准把握，防范失控的措施越要及时完善。要始终用人类智慧和国际共识引领人工智能发展，使其真正成为增进全人类福祉、推动人类文明进步的强大正能量。
中国愿以更加开放的姿态、更加务实的行动、更加长远的目光，同各方一道把握和应对人工智能发展的机遇和挑战，携手共创人类社会更加美好的未来！
谢谢大家！
扫一扫在手机打开当前页",2227,"携手构建公正合理的全球人工智能治理体系
——在2026世界人工智能大会暨人工智能全球治理高级别会议开幕式上的主旨讲话
（2026年7月17日，上海）
中华人民共和国主席 习近平
尊敬的各位同事、各位来宾，
女士们，先生们，朋友们：
70年前，一群年轻学者在美国新罕布什尔州达特茅斯会议上首次提出人工智能概念。70年间，世界各国人工智能科学家和研发者不断在未知中求索、在曲折中前行、在坚守中突破。70年后，面对新一轮蓬勃发展的人工智能浪潮，我们相聚在浦江之畔，共同探讨促进全球人工智能朝着向上向善、造福人类的方向发展，具有重要意义。我谨代表中国政府和中国人民，对大家的到来表示热烈欢迎。
回望历史，蒸汽",,,合作|协同|共享|融合|对接,D,15,出现跨域关系词 +15,,,,合作|协同|共享|融合|对接,link_tracking,2026-07-20T16:49:35.570997+00:00,91f6755d30d835b9bd89f1725b9b029f7008a1ee1e95adbf4aeaa1b0932e09ff,parsed,auto_classified,,,
8328c63531e1bd46,习近平出席2026世界人工智能大会暨人工智能全球治理高级别会议开幕式并发表主旨讲话,,,,,,,,,会议,false,evidence,规划与空间布局|科技创新,www.yantai.gov.cn,https://www.yantai.gov.cn/col/col44655/art/2026/art_bac4beb9c8825313372b2dafe715fd87.html,,,,html,"7月17日上午，国家主席习近平在上海世界会客厅出席2026世界人工智能大会暨人工智能全球治理高级别会议开幕式并发表主旨讲话。
黄浦江畔，潮启新澜。世界会客厅内嘉宾云集。
习近平同与会的国家元首、政府首脑、国际组织负责人及各国代表团团长集体合影。
在热烈的掌声中，习近平发表题为《携手构建公正合理的全球人工智能治理体系》的主旨讲话。
习近平指出，当前，世界百年变局加速演进，新一轮科技革命和产业变革加速突破，全球人工智能技术创新进入前所未有的活跃期，既蕴含巨大机遇，也面临治理挑战。人类不得不直面时代之问：当机器开始思考，人类如何与之相处？当算法参与决策，安全如何保障？当技术挑战伦理，治理如何跟上？当鸿沟不断拉大，普惠如何实现？中方认为，各国应当秉持以人为本、向上向善理念，让人工智能成为促进共同繁荣、维护共同安全的一个重要动力源，携手构建公正合理的全球人工智能治理体系。
习近平就此提出4点意见：
第一，坚持开放共赢，驱动创新发展。抓住难得的历史性机遇，鼓励开源开放、合作共享，全面促进人工智能科技创新、产业发展、场景应用，协同推进传统产业改造升级、新兴产业培育壮大、未来产业前瞻布局，让人工智能赋能千行百业。
第二，强化风险意识，确保安全可控。高度重视人工智能引发的各类内生和衍生风险，推动构建法律法规、技术监测、风险预警、应急响应体系，筑牢安全底线，防范滥用恶用，确保人工智能始终处于人类控制之下。共同反对在人工智能领域泛化国家安全概念、把本国安全凌驾于他国安全之上的做法。
第三，鼓励包容并蓄，促进文明互鉴。用全人类共同价值塑造人工智能的价值观，善用人工智能技术增进不同文明的理解和包容，促进不同文明交流互鉴，精心培育各美其美、美美与共的文明百花园。
第四，倡导和衷共济，完善全球治理。践行真正的多边主义，切实发挥联合国的重要作用，加强人工智能发展战略、治理规则、技术标准的对接协调，早日形成具有广泛共识的全球治理框架，让这一前沿技术更好造福人类社会。帮助全球南方国家加强能力建设，弥合数智鸿沟，促进可持续发展，避免在人工智能领域造成新的历史不公。
习近平强调，今年是中国“十五五”开局之年。“十五五”规划为未来5年中国经济社会发展擘画蓝图，也为国际社会提供机遇清单。近年来，中国坚持有效市场和有为政府相结合，加强人工智能科技创新，积极推进“人工智能+”行动，培育各类主体共生共荣的健康生态，智能经济核心产业规模已经超过万亿元人民币，“中国智造”已成为中国式现代化的又一亮丽名片。同时，中国坚持发展和安全并重，不断完善相关法律法规、政策制度、应用规范、伦理准则，确保人工智能安全、可靠、可控。作为负责任大国，中国在人工智能领域始终致力于做国际公共产品的提供者，源源不断贡献中国方案。
习近平指出，在各方共同努力下，世界人工智能合作组织在上海应运而生。这是中方响应全球南方呼声、团结国际社会积极推动人工智能发展和治理的重大举措，将成为人工智能发展史上的一个重要里程碑。为进一步支持全球人工智能发展、推进全球人工智能能力建设，未来5年，中国将面向发展中国家提供5000个人工智能专题研修培训名额；面向东盟、阿盟、非盟、拉共体、上合组织、金砖国家建设国际人工智能应用合作中心；推动气象智能预警方案“妈祖”在30个国家落地应用。中国愿以更加开放的姿态、更加务实的行动、更加长远的目光，同各方一道把握和应对人工智能发展的机遇和挑战，携手共创人类社会更加美好的未来。
哈萨克斯坦总统托卡耶夫、柬埔寨首相洪玛奈、泰国总理阿努廷、联合国秘书长古特雷斯分别致辞。他们热烈祝贺世界人工智能合作组织协定签署仪式在上海举行，高度评价中国为推动人工智能全球治理作出的重要贡献，积极呼应习近平主席提出的倡议和举措。各方表示，人工智能有望成为人类最大的发展机遇，也潜藏着风险。中国倡导智能向善、普惠包容、安全可控，积极帮助发展中国家加强相关能力建设，推动人工智能国际合作，彰显了负责任的大国担当。人工智能技术应由各国共享共治，使其公平惠及所有国家，服务全人类可持续发展，消弭全球数智鸿沟和南北发展差距。人工智能带来的机遇与挑战跨越国界，需要各方携手合作把握和应对。希望并相信世界人工智能合作组织将为此发挥重要作用，通过开放包容、平等互惠的合作，共同打造安全、繁荣、不让任何国家掉队的美好未来。
大会发表《2026世界人工智能大会暨人工智能全球治理高级别会议主席声明》。
7月16日晚，习近平和夫人彭丽媛在世界会客厅为与会国际贵宾举行欢迎宴会。
蔡奇、丁薛祥、王毅等出席上述活动。
陈吉宁主持开幕式。
（记者 王永前、杨依军）
扫一扫在手机打开当前页",1913,"7月17日上午，国家主席习近平在上海世界会客厅出席2026世界人工智能大会暨人工智能全球治理高级别会议开幕式并发表主旨讲话。
黄浦江畔，潮启新澜。世界会客厅内嘉宾云集。
习近平同与会的国家元首、政府首脑、国际组织负责人及各国代表团团长集体合影。
在热烈的掌声中，习近平发表题为《携手构建公正合理的全球人工智能治理体系》的主旨讲话。
习近平指出，当前，世界百年变局加速演进，新一轮科技革命和产业变革加速突破，全球人工智能技术创新进入前所未有的活跃期，既蕴含巨大机遇，也面临治理挑战。人类不得不直面时代之问：当机器开始思考，人类如何与之相处？当算法参与决策，安全如何保障？当技术挑战伦理，治理如何跟上？当",,,合作|协同|共享|对接,D,15,出现跨域关系词 +15,,,,合作|协同|共享|对接,link_tracking,2026-07-20T16:49:35.987249+00:00,ec118a361842dd372c88aec0be104fb378494bb0ff7f8400f84853c968df8caf,parsed,pending,,,
12bc006907803da4,《求是》杂志发表习近平总书记重要文章《在庆祝中国共产党成立105周年大会上的讲话》,,,,,,,,,官方实施材料,false,evidence,科技创新,www.yantai.gov.cn,https://www.yantai.gov.cn/col/col44655/art/2026/art_710655567e09d2854a27ab75ac7cbd8f.html,,,,html,"7月16日出版的第14期《求是》杂志将发表中共中央总书记、国家主席、中央军委主席习近平的重要文章《在庆祝中国共产党成立105周年大会上的讲话》。
文章强调，105年来，我们党团结带领全国各族人民不懈奋斗，创造了新民主主义革命、社会主义革命和建设、改革开放和社会主义现代化建设、新时代中国特色社会主义的伟大成就，书写了中华民族几千年历史上最恢宏的史诗。105年不懈奋斗，从根本上改变了中国人民的前途命运，开辟了实现中华民族伟大复兴的正确道路，展示了马克思主义的强大生命力，深刻影响了世界历史进程，锻造了强大的中国共产党。
文章指出，中国共产党之所以能够在105年奋斗中不断铸就辉煌，历史和人民之所以选择中国共产党，根本在于我们党具有其他政党和政治力量无可比拟的优秀特质：矢志追求真理，始终把准前进方向；深深植根人民，始终拥有坚实根基；勇担历史使命，始终掌握战略主动；顺应发展潮流，始终走在时代前列；敢于善于斗争，始终保持必胜信心；注重强健自身，始终充满生机活力。这些优秀特质，是中国共产党为什么能的关键密码。我们要结合新的实际，把党的优秀特质不断发扬光大，确保党永远不变质不变色不变味，始终具有强大创造力凝聚力战斗力。
文章指出，实现新时代新征程党的使命任务，要求全体中国共产党人坚定信心、接续奋斗，不断创造无愧于时代和人民的新业绩。必须坚持党的基本理论、基本路线、基本方略，坚持党的全面领导和党中央集中统一领导，深入贯彻新时代中国特色社会主义思想，坚定道路自信、理论自信、制度自信、文化自信，继往开来、守正创新。必须紧紧依靠人民创造历史伟业，践行以人民为中心的发展思想，充分激发亿万人民的积极性主动性创造性，统筹推进“五位一体”总体布局、协调推进“四个全面”战略布局，完整准确全面贯彻新发展理念，加快构建新发展格局，扎实推动高质量发展。必须积极应对前进道路上的风险挑战，强化忧患意识、坚持底线思维，发扬斗争精神、增强斗争本领，更好统筹国内国际两个大局，统筹发展和安全。必须持续推动构建人类命运共同体，高举和平、发展、合作、共赢旗帜，弘扬全人类共同价值，推动落实全球发展倡议、全球安全倡议、全球文明倡议、全球治理倡议，为世界和平与发展注入更多正能量。必须持之以恒推进全面从严治党，全面贯彻新时代党建思想，健全全面从严治党体系，以党的政治建设为统领加强党的各方面建设，坚决打好反腐败斗争攻坚战持久战总体战，不断增强党的政治领导力、思想引领力、群众组织力、社会号召力，确保党在新时代坚持和发展中国特色社会主义的历史进程中始终成为坚强领导核心。
文章强调，中国共产党105年的辉煌历史令人自豪，但我们决不能骄傲自满、止步不前。全党同志务必不忘初心、牢记使命，务必谦虚谨慎、艰苦奋斗，务必敢于斗争、善于斗争，紧紧依靠和团结带领全国各族人民奋进新征程、建功新时代，奋力创造新的历史辉煌。
扫一扫在手机打开当前页",1199,"7月16日出版的第14期《求是》杂志将发表中共中央总书记、国家主席、中央军委主席习近平的重要文章《在庆祝中国共产党成立105周年大会上的讲话》。
文章强调，105年来，我们党团结带领全国各族人民不懈奋斗，创造了新民主主义革命、社会主义革命和建设、改革开放和社会主义现代化建设、新时代中国特色社会主义的伟大成就，书写了中华民族几千年历史上最恢宏的史诗。105年不懈奋斗，从根本上改变了中国人民的前途命运，开辟了实现中华民族伟大复兴的正确道路，展示了马克思主义的强大生命力，深刻影响了世界历史进程，锻造了强大的中国共产党。
文章指出，中国共产党之所以能够在105年奋斗中不断铸就辉煌，历史和人民之所以选择",,,合作,D,15,出现跨域关系词 +15,,,,合作,link_tracking,2026-07-20T16:49:36.364052+00:00,ba25c21a24b4524b2927926027fc4c624f16b25f60a0922bd6b2057802626769,parsed,pending,,,
486050d33e7e22b0,首页头条,,,,,,,,,官方实施材料,false,evidence,,www.yantai.gov.cn,https://www.yantai.gov.cn/col/col44655/index.html,,,,html,"首页
>
要闻动态
>
首页头条
要闻动态
首页头条
通知公告
政务要闻
轮播图
国务院信息
省政府信息
区市动态
部门动态
便民提示信息
特色专题",74,"首页
>
要闻动态
>
首页头条
要闻动态
首页头条
通知公告
政务要闻
轮播图
国务院信息
省政府信息
区市动态
部门动态
便民提示信息
特色专题",,,,D,0,缺少实质跨域关系,,,,,link_tracking,2026-07-20T16:49:36.704697+00:00,1c5ff474f27a170fbee1519e364ab3cb633aa3a8c3ed1266948ecbcf8332c90d,parsed,pending,,,
c1d8b70987494336,建烟显策,,,,,,,,,官方实施材料,false,evidence,,www.yantai.gov.cn,https://www.yantai.gov.cn/col/col64318/index.html,,,,html,"中外互免签证协定一览表
安全出境温馨提示
全程网办50个试点城市
往来港澳通行证和签注签发服务指南
前往港澳通行证签发服务指南
大陆居民往来台湾通行证和签注签发服务指南
单方面免签政策常见问题解答
外国人申请240小时过境免签政策的适用条件
出入境通行证签发服务指南
普通护照签发服务指南",144,"中外互免签证协定一览表
安全出境温馨提示
全程网办50个试点城市
往来港澳通行证和签注签发服务指南
前往港澳通行证签发服务指南
大陆居民往来台湾通行证和签注签发服务指南
单方面免签政策常见问题解答
外国人申请240小时过境免签政策的适用条件
出入境通行证签发服务指南
普通护照签发服务指南",,,,D,0,缺少实质跨域关系,,,,,link_tracking,2026-07-20T16:49:37.134491+00:00,a773109c76a250c7dd2a6bc263dc45aa0305b726cdfff8b31bb3fd8c1b51f5e8,parsed,pending,,,
aff47189b48bfc18,公益广告图片展,,,,,,,,,官方实施材料,false,evidence,,www.yantai.gov.cn,https://www.yantai.gov.cn/col/col61797/index.html,,,,html,"访问量：
人",6,"访问量：
人",,,,D,0,缺少实质跨域关系,,,,,link_tracking,2026-07-20T16:49:37.522414+00:00,cde2adc846c59c0c80258219f9e6e0203ce6c01b67732f6d762dd230d4c50c08,parsed,pending,,,
cd76916a9cdb35a1,外籍人士在烟工作生活指南,,,,,,,,,官方实施材料,false,evidence,,www.yantai.gov.cn,https://www.yantai.gov.cn/col/col40069/index.html,,,,html,,0,,,,,D,0,缺少实质跨域关系,,,,,link_tracking,2026-07-20T16:49:37.922995+00:00,e3b0c44298fc1c149afbf4c8996fb92427ae41e4649b934ca495991b7852b855,parsed,pending,,,
274a56569f1f6e2c,政务要闻,,,,,,,,,官方实施材料,false,evidence,,www.yantai.gov.cn,https://www.yantai.gov.cn/col/col11794/index.html,,,,html,"首页
>
要闻动态
>
政务要闻
要闻动态
首页头条
通知公告
政务要闻
轮播图
国务院信息
省政府信息
区市动态
部门动态
便民提示信息
特色专题",74,"首页
>
要闻动态
>
政务要闻
要闻动态
首页头条
通知公告
政务要闻
轮播图
国务院信息
省政府信息
区市动态
部门动态
便民提示信息
特色专题",,,,D,0,缺少实质跨域关系,,,,,link_tracking,2026-07-20T16:49:38.335851+00:00,2bfa3f0cb7e94a199d86405653bdea6aa208ed53e2d32938685630feca37f181,parsed,pending,,,
5a31b86a91c48a6a,我市聚焦生物医药产业高质量发展举行“智慧烟台大讲堂—产业赋能”培训,,,,,,,,,官方实施材料,false,evidence,人才与就业|科技创新,www.yantai.gov.cn,https://www.yantai.gov.cn/col/col11794/art/2026/art_dd721feda12344afad4917af30eba109.html,,,,html,"7月20日下午，我市举行第六期“智慧烟台大讲堂—产业赋能”培训，聚焦生物医药产业高质量发展主题，邀请中国医药创新促进会首席专家宋瑞霖、中国科学院上海药物研究所所长李佳作专题授课。市委副书记、市长张明康出席，副市长谢鹏飞主持，市政协副主席、发展改革委主任王松杰参加。
宋瑞霖以《新兴支柱产业战略下中国医药创新发展之路》为题，围绕国家战略政策、产业规模成果等多个维度，深入剖析了当前医药创新发展面临的机遇与挑战，针对性提出宏观政策优化与产业升级改革思路，对烟台发展生物医药产业提出建议，对我市准确把握政策机遇、谋划产业布局具有现实借鉴意义。
李佳以《在推动中国生物医药产业向原始创新跨越新征程中发挥烟台力量》为题，深入分析了山东创新资源基础和烟台产业发展条件，聚焦科技创新、人才引育、AI赋能、创新生态构建等关键环节，提出烟台建设国家创新药研发策源地的具体路径，为全市生物医药产业发展提供了有力借鉴。
谢鹏飞在主持时强调，生物医药是我市重点培育的战略性新兴产业，各级各部门要以此次培训为契机，围绕全市生物医药产业高质量发展，创新工作思路，优化方法举措，擦亮“创新好药、烟台制造”品牌，推动生物医药产业再上新台阶。
扫一扫在手机打开当前页",516,"7月20日下午，我市举行第六期“智慧烟台大讲堂—产业赋能”培训，聚焦生物医药产业高质量发展主题，邀请中国医药创新促进会首席专家宋瑞霖、中国科学院上海药物研究所所长李佳作专题授课。市委副书记、市长张明康出席，副市长谢鹏飞主持，市政协副主席、发展改革委主任王松杰参加。
宋瑞霖以《新兴支柱产业战略下中国医药创新发展之路》为题，围绕国家战略政策、产业规模成果等多个维度，深入剖析了当前医药创新发展面临的机遇与挑战，针对性提出宏观政策优化与产业升级改革思路，对烟台发展生物医药产业提出建议，对我市准确把握政策机遇、谋划产业布局具有现实借鉴意义。
李佳以《在推动中国生物医药产业向原始创新跨越新征程中发挥烟台力",,烟台,烟台,D,0,缺少实质跨域关系,烟台,,烟台,,link_tracking,2026-07-20T16:49:38.717866+00:00,140c7b30beaee77942a7c60341e1719e4a398fad72b406afad76d07e125b34f7,parsed,pending,,,
732b885cc010fec8,我市与波黑拉克塔希市缔结友好合作关系,,,,,,,,,签约,false,evidence,,www.yantai.gov.cn,https://www.yantai.gov.cn/col/col11794/art/2026/art_3fbfa3118d134a2698446e3eb2928c19.html,,,,html,"7月16日下午，我市与波黑拉克塔希市以视频连线方式举行缔结友好合作关系签约仪式。波黑驻华大使西尼沙·贝尔扬出席，拉克塔希市市长米罗斯拉夫・博伊奇，市委副书记、市长张明康签署协议。
西尼沙·贝尔扬在致辞中表示，中国与波黑友谊深厚，多年来双方合作稳步推进，落地了一批富有成效的合作成果。希望烟台市与拉克塔希市以此次签约为契机，进一步深化全面合作关系，成为以互信为根基、以合作为纽带、以共同未来为愿景的合作伙伴。
米罗斯拉夫・博伊奇表示，此次缔结友好合作关系搭建起了连通两座城市的桥梁，迎来了友好交往、互利合作的新机遇。期盼双方进一步拓展合作广度深度，共同推动两市协同发展迈上新台阶。
张明康表示，烟台市与拉克塔希市缔结友好合作关系，既体现了双方深化互利共赢的共同意愿，也掀开了国际交流合作的崭新篇章。希望双方在更宽领域促进产业合作，在更广范围推动人文交流，携手打造中波两国城市间友好合作的典范。
至此，我市已与32个国家的60个城市建立了国际友城关系，烟台的国际“朋友圈”不断扩大，国际合作平台日益广阔。
扫一扫在手机打开当前页",462,"7月16日下午，我市与波黑拉克塔希市以视频连线方式举行缔结友好合作关系签约仪式。波黑驻华大使西尼沙·贝尔扬出席，拉克塔希市市长米罗斯拉夫・博伊奇，市委副书记、市长张明康签署协议。
西尼沙·贝尔扬在致辞中表示，中国与波黑友谊深厚，多年来双方合作稳步推进，落地了一批富有成效的合作成果。希望烟台市与拉克塔希市以此次签约为契机，进一步深化全面合作关系，成为以互信为根基、以合作为纽带、以共同未来为愿景的合作伙伴。
米罗斯拉夫・博伊奇表示，此次缔结友好合作关系搭建起了连通两座城市的桥梁，迎来了友好交往、互利合作的新机遇。期盼双方进一步拓展合作广度深度，共同推动两市协同发展迈上新台阶。
张明康表示，烟台市与",,烟台,烟台|合作|协同,C,15,出现跨域关系词 +15,烟台,,烟台,合作|协同,link_tracking,2026-07-20T16:49:39.149457+00:00,3dff99ea360551e58572a24476ba491d1200c25fc4b9150d0c967eadebe2b4d8,parsed,pending,,,
c6c8a1011dc915a6,张明康在督导防汛防台风工作时强调 强化应急准备  落细防范措施 全力以赴做好防汛防台风工作,,,,,,,,,官方实施材料,false,evidence,体制机制|园区共建,www.yantai.gov.cn,https://www.yantai.gov.cn/col/col11794/art/2026/art_88d418fc9b864254af52f28f96af63e3.html,,,,html,"7月13日，市委副书记、市长张明康实地督导检查防汛防台风工作，强调要深入贯彻习近平总书记关于防汛救灾工作的重要指示精神，认真落实省委、省人民政府和市委有关部署要求，坚持人民至上、生命至上，强化应急准备，落细防范措施，全力以赴做好防汛防台风工作，确保人民群众生命财产安全。
张明康来到海阳市鑫泰黄金矿业公司，查看尾矿库坝体坡面稳定、调洪空间等情况，要求加强监测预警、巡查管控，确保万无一失。建新水库位于昌水河上游，张明康仔细询问水位、库容和溢洪道维护情况，强调要严格落实预警“叫应”机制，发现险情第一时间安全有序转移群众。在东海渔港，张明康听取了码头防风避险情况，叮嘱有关方面做好渔船归港、船只锚固等工作。他还来到山东核电有限公司，通过综合安防管理平台了解施工现场防台风筹备情况，要求以万全准备保障人员安全、设备稳定。
在飞龙上观城小区，张明康实地检查地下车库挡水板、防汛沙袋、抽排设备等物资准备情况，要求进一步强化防护措施，确保居民区安全。张明康来到五彩文化创意产业园二期工地，查看深基坑、塔式起重机等防范措施落实情况，要求全面加固临建设施，严防事故发生。在观海路雨水泵站，他详细询问泵站运维、城市排水情况，强调要落实好降雨期间积水警示、硬隔离等措施。张明康还沿路检查了排水设施运行情况，要求对老旧管网、低洼路段管线加密清淤频次，保障管网排水通畅。
张明康强调，受台风“巴威”影响，我市防汛防台风进入关键时期，各级各部门要树牢底线思维、极限思维，立足防大汛、抢大险、救大灾，严阵以待、严密防范，扎实做好应急准备工作。要强化监测预报预警，密切关注台风动向，及时会商研判、预警响应，积极主动做好防御工作。要狠抓风险隐患排查，紧盯水库、尾矿库、城乡易涝点等重点部位，以及海上作业、施工工地、化工园区等重点领域，加大巡查力度，及早消除险情。要做好抢险救援准备，细化应急预案，备齐应急人员、设备和物资，实现险情快速响应、高效处置。要压紧压实工作责任，牢固树立和践行正确政绩观，领导干部带头下沉一线、靠前指挥，以过硬作风打赢防汛防台风攻坚战。
市政府秘书长赵晓峰参加活动。
扫一扫在手机打开当前页",892,"7月13日，市委副书记、市长张明康实地督导检查防汛防台风工作，强调要深入贯彻习近平总书记关于防汛救灾工作的重要指示精神，认真落实省委、省人民政府和市委有关部署要求，坚持人民至上、生命至上，强化应急准备，落细防范措施，全力以赴做好防汛防台风工作，确保人民群众生命财产安全。
张明康来到海阳市鑫泰黄金矿业公司，查看尾矿库坝体坡面稳定、调洪空间等情况，要求加强监测预警、巡查管控，确保万无一失。建新水库位于昌水河上游，张明康仔细询问水位、库容和溢洪道维护情况，强调要严格落实预警“叫应”机制，发现险情第一时间安全有序转移群众。在东海渔港，张明康听取了码头防风避险情况，叮嘱有关方面做好渔船归港、船只锚固等工",,,,D,0,缺少实质跨域关系,,,,,link_tracking,2026-07-20T16:49:39.568640+00:00,a78dcd88531dcecd0bba7e09ae93bbaccccef48cba900992bc9460a907a153cd,parsed,pending,,,
6ce5becaaf6915c3,江成在防汛工作专题会议上强调 严防死守严阵以待严密防范 全力以赴做好台风防御工作,,,,,,,,,会议,false,evidence,,www.yantai.gov.cn,https://www.yantai.gov.cn/col/col11794/art/2026/art_f2959c3a9dae42cf81cf011cf5b64fd3.html,,,,html,"7月12日上午，我市集中收听收看全省防汛工作专题会议。省会议结束后，接续召开我市防汛工作专题会议，省人大常委会副主任、党组副书记，市委书记江成主持并讲话，市委副书记、市长张明康出席并讲话。
江成指出，第9号台风“巴威”强度高、水汽充沛、破坏力大，全市防汛防台风工作面临严峻考验。各级各有关部门单位要深入学习贯彻习近平总书记关于防汛救灾工作的重要指示精神，全面落实省委、省人民政府部署要求，坚持人民至上、生命至上，坚持底线思维、极限思维，坚决克服麻痹思想和侥幸心理，采取最坚决、最有力、最顶格的措施，严防死守、严阵以待、严密防范，切实维护好人民群众生命财产安全。
江成强调，要周密做好防御准备，密切跟踪台风路径、实时强化监测预警，起底式开展风险隐患排查整治，科学调度水库库容预泄，超前稳妥应对城市内涝，高度重视海上安全和矿山安全，突出抓好水库大坝、尾矿库等安全防护，加强工矿企业、山洪重点村落等重点部位巡防值守，及时高效组织应急转移避险。要深化完善市县一体化指挥体系，实行统一指挥、统一协调、统一调度，加强跨区市、跨部门统筹联动，做到响应迅速、执行有力。要强力推动责任贯通落实，严格执行24小时值班、领导带班和重大事项请示报告制度，把责任层层落实到区市、镇街、村居、网格、具体点位，真正打通“最后一公里”。
张明康强调，各级各有关部门要把防台风工作作为当前重中之重，迅速进入临战状态，加强重点领域、重点部位督导检查，压实工作责任，抓好指挥调度，强化协同配合，形成工作合力，全力打赢台风防范攻坚战。
市委常委、宣传部部长吕波，市委常委、副市长李金涛,副市长谢鹏飞参加。
扫一扫在手机打开当前页",694,"7月12日上午，我市集中收听收看全省防汛工作专题会议。省会议结束后，接续召开我市防汛工作专题会议，省人大常委会副主任、党组副书记，市委书记江成主持并讲话，市委副书记、市长张明康出席并讲话。
江成指出，第9号台风“巴威”强度高、水汽充沛、破坏力大，全市防汛防台风工作面临严峻考验。各级各有关部门单位要深入学习贯彻习近平总书记关于防汛救灾工作的重要指示精神，全面落实省委、省人民政府部署要求，坚持人民至上、生命至上，坚持底线思维、极限思维，坚决克服麻痹思想和侥幸心理，采取最坚决、最有力、最顶格的措施，严防死守、严阵以待、严密防范，切实维护好人民群众生命财产安全。
江成强调，要周密做好防御准备，密切跟踪",,,协同|联动|一体化,D,15,出现跨域关系词 +15,,,,协同|联动|一体化,link_tracking,2026-07-20T16:49:40.261216+00:00,25a9e1776d8772fd375c302c012ff1eab1ae9775586fe07e853cec7f4a167355,parsed,pending,,,
91f64166188ca0f3,市委常委会召开扩大会议 传达学习习近平总书记重要讲话、重要指示精神 研究部署安全生产、防汛防台风等工作,,,,,,,,,会议,false,evidence,交通互联|公共服务|人才与就业|科技创新,www.yantai.gov.cn,https://www.yantai.gov.cn/col/col11794/art/2026/art_539b101f4de34c8cadf2209d920e0b6e.html,,,,html,"7月10日上午，市委常委会召开扩大会议，传达学习习近平总书记在国家科学技术奖励大会、两院院士大会、中国科协第十一次全国代表大会上的重要讲话，对福建泉州晋江市一鞋厂火灾事故、防汛救灾工作作出的重要指示精神，学习贯彻省委常委会会议精神，研究部署安全生产、防汛防台风等工作。省人大常委会副主任、党组副书记，市委书记江成主持并讲话。
会议指出，习近平总书记的重要讲话，为做好新时代科技工作指明了前进方向、提供了根本遵循。各级各部门单位要把思想和行动高度统一到中央决策部署上来，着力建强高能级科创平台，推动科技创新和产业创新深度融合；强化企业科技创新主体地位，支持引导企业加大科技研发投入、加速成果转化落地；一体推进教育科技人才事业发展，发展壮大创新型人才队伍；大力弘扬科学家精神，在全社会营造尊重劳动、尊重知识、尊重人才、尊重创造的浓厚氛围。
会议强调，要认真贯彻落实习近平总书记关于安全生产的重要指示精神，时刻绷紧安全生产这根弦，以极端负责的精神落实落细各项防范措施。要盯紧盯牢重点场所、关键区域、特殊点位，全面加强消防领域安全管控；以安全生产隐患大排查大整治为抓手，进一步强化矿山、危化品、交通运输、海上安全、文化旅游等重点行业领域安全防范；加强“一案双罚”、行刑纪衔接，加大安全监管执法力度；严格落实“三管三必须”要求，压实压紧安全生产责任，以强有力举措筑牢本质安全防线。
会议强调，要深入学习贯彻习近平总书记对防汛救灾工作作出的重要指示精神，树牢底线思维、极限思维，聚焦水库河道、城市内涝、山洪和地质灾害防范等关键环节，周密细致排查整治风险隐患，从严从实从细落实各项防范措施。要密切关注第九号台风“巴威”移动路径，强化气象监测预报预警，严格执行值班值守、信息报送、预警响应等制度，切实做好防汛防台风应急处置，全力维护人民群众生命财产安全。
扫一扫在手机打开当前页",781,"7月10日上午，市委常委会召开扩大会议，传达学习习近平总书记在国家科学技术奖励大会、两院院士大会、中国科协第十一次全国代表大会上的重要讲话，对福建泉州晋江市一鞋厂火灾事故、防汛救灾工作作出的重要指示精神，学习贯彻省委常委会会议精神，研究部署安全生产、防汛防台风等工作。省人大常委会副主任、党组副书记，市委书记江成主持并讲话。
会议指出，习近平总书记的重要讲话，为做好新时代科技工作指明了前进方向、提供了根本遵循。各级各部门单位要把思想和行动高度统一到中央决策部署上来，着力建强高能级科创平台，推动科技创新和产业创新深度融合；强化企业科技创新主体地位，支持引导企业加大科技研发投入、加速成果转化落地；一",,,衔接|融合,D,15,出现跨域关系词 +15,,,,衔接|融合,link_tracking,2026-07-20T16:49:40.703522+00:00,73e2b4322a9fb19c0c236be1df4f9947a9e91042af3a78336566277ee053a0ae,parsed,pending,,,
44bf4be1daded9af,市人民政府与国网山东省电力公司签署“十五五”发展合作框架协议,,,,,,,,,官方实施材料,false,evidence,,www.yantai.gov.cn,https://www.yantai.gov.cn/col/col11794/art/2026/art_7b4c33c768e74367aeccd2dc61dd1c6d.html,,,,html,"7月9日上午，市人民政府与国网山东省电力公司签署“十五五”发展合作框架协议。国网山东省电力公司董事长林一凡，市委副书记、市长张明康出席并分别致辞。
张明康在致辞中向国网山东省电力公司长期以来对烟台发展给予的支持表示感谢。他说，烟台市正锚定加快建设绿色低碳高质量发展示范城市目标，着力打造先进制造业强市、面向东北亚的陆海物流枢纽、新能源集聚区，需要更强有力的电力支撑。希望双方在智慧电网、新能源配套、综合能源服务等领域深化务实合作，携手打造企地合作的典范。
林一凡表示，“十五五”时期，国网山东省电力公司将立足国网战略体系落地、新型电力系统构建、超特高压电网建运“三个省级卓越示范”的发展定位，围绕强化投资拉动、深化能源转型、优化供电服务等，更有成效地助力烟台高质量发展，开启与烟台深化合作、共赢发展的新篇章。
国网山东省电力公司副总经理孙岗，市委常委、宣传部部长吕波，副市长刘海彬参加活动，市政协副主席、发展改革委主任王松杰主持。
扫一扫在手机打开当前页",427,"7月9日上午，市人民政府与国网山东省电力公司签署“十五五”发展合作框架协议。国网山东省电力公司董事长林一凡，市委副书记、市长张明康出席并分别致辞。
张明康在致辞中向国网山东省电力公司长期以来对烟台发展给予的支持表示感谢。他说，烟台市正锚定加快建设绿色低碳高质量发展示范城市目标，着力打造先进制造业强市、面向东北亚的陆海物流枢纽、新能源集聚区，需要更强有力的电力支撑。希望双方在智慧电网、新能源配套、综合能源服务等领域深化务实合作，携手打造企地合作的典范。
林一凡表示，“十五五”时期，国网山东省电力公司将立足国网战略体系落地、新型电力系统构建、超特高压电网建运“三个省级卓越示范”的发展定位，围绕强化",,烟台,烟台|合作,C,15,出现跨域关系词 +15,烟台,,烟台,合作,link_tracking,2026-07-20T16:49:41.158367+00:00,1220d757efb2a11e6647407f6d49fd3883d345de814d5030633583dc9fb96c9d,parsed,pending,,,
c1819e2f48371076,习近平对重庆彭水县山体崩塌作出重要指示,,,,,,,,,官方实施材料,false,evidence,,www.yantai.gov.cn,https://www.yantai.gov.cn/col/col11797/art/2026/art_a8b9b748b816489c98d2746f1816e0a3.html,,,,html,"习近平对重庆彭水县山体崩塌作出重要指示强调
科学组织搜救 加强监测预警和巡查排险
切实保障人民群众生命财产安全
李强作出批示
新华社北京7月17日电 7月17日9时10分许，重庆彭水县汉葭街道发生一起山体崩塌，造成多人被埋失联。
灾害发生后，中共中央总书记、国家主席、中央军委主席习近平高度重视并作出重要指示指出，重庆彭水县发生山体崩塌造成多人失联，要科学组织搜救，防止发生次生灾害，妥善做好伤员救治、善后处置等工作。要查明原因，举一反三，深入排查消除地质灾害等隐患。
习近平强调，各地区各有关部门要进一步落实安全工作责任，加强监测预警和巡查排险，抓实抓细各项工作，切实保障人民群众生命财产安全。
中共中央政治局常委、国务院总理李强作出批示指出，要指导帮助重庆市全力开展救援处置、伤员救治、受灾群众安置等工作，并严防次生灾害。要进一步压实各地各有关方面责任，全面排查风险隐患，扎实做好灾害防范应对。
根据习近平重要指示和李强要求，中共中央政治局委员、国务院副总理张国清率有关部门负责同志赶赴现场指导救援处置工作。重庆已组织力量全力做好现场搜救、伤员救治和善后处置等工作。目前，有关工作正在进行中。
扫一扫在手机打开当前页",510,"习近平对重庆彭水县山体崩塌作出重要指示强调
科学组织搜救 加强监测预警和巡查排险
切实保障人民群众生命财产安全
李强作出批示
新华社北京7月17日电 7月17日9时10分许，重庆彭水县汉葭街道发生一起山体崩塌，造成多人被埋失联。
灾害发生后，中共中央总书记、国家主席、中央军委主席习近平高度重视并作出重要指示指出，重庆彭水县发生山体崩塌造成多人失联，要科学组织搜救，防止发生次生灾害，妥善做好伤员救治、善后处置等工作。要查明原因，举一反三，深入排查消除地质灾害等隐患。
习近平强调，各地区各有关部门要进一步落实安全工作责任，加强监测预警和巡查排险，抓实抓细各项工作，切实保障人民群众生命财产安全。
中",,,,D,0,缺少实质跨域关系,,,,,link_tracking,2026-07-20T16:49:41.610032+00:00,e55f12ee32ea42c95080305d3f295a31d1befbe74b236973ea948a2cb2c40394,parsed,pending,f9ffadfa0547cbc6,,
7a82fa0688bc8264,习近平在2026世界人工智能大会暨人工智能全球治理高级别会议开幕式上的主旨讲话（全文）,,,,2026-07-17,,,,,会议,false,evidence,规划与空间布局|科技创新,www.yantai.gov.cn,https://www.yantai.gov.cn/col/col11797/art/2026/art_f1ac4079df67466ea66396dd64f96c9c.html,,,,html,"携手构建公正合理的全球人工智能治理体系
——在2026世界人工智能大会暨人工智能全球治理高级别会议开幕式上的主旨讲话
（2026年7月17日，上海）
中华人民共和国主席 习近平
尊敬的各位同事、各位来宾，
女士们，先生们，朋友们：
70年前，一群年轻学者在美国新罕布什尔州达特茅斯会议上首次提出人工智能概念。70年间，世界各国人工智能科学家和研发者不断在未知中求索、在曲折中前行、在坚守中突破。70年后，面对新一轮蓬勃发展的人工智能浪潮，我们相聚在浦江之畔，共同探讨促进全球人工智能朝着向上向善、造福人类的方向发展，具有重要意义。我谨代表中国政府和中国人民，对大家的到来表示热烈欢迎。
回望历史，蒸汽机的发明开启工业文明，电力的普及点亮现代社会，互联网的诞生连接整个世界。每一次科技革命都深刻重构人类生产生活方式，推动经济社会发展大幅跃升。
当前，世界百年变局加速演进，新一轮科技革命和产业变革加速突破，全球人工智能技术创新进入前所未有的活跃期，万物智联、人机协同、跨界融合、共创分享的智能技术，叠加释放巨大能量，既蕴含巨大机遇，也面临治理挑战。人类不得不直面时代之问：当机器开始思考，人类如何与之相处？当算法参与决策，安全如何保障？当技术挑战伦理，治理如何跟上？当鸿沟不断拉大，普惠如何实现？这些问题需要国际社会深入思考、共同作答。
中方认为，各国应当秉持以人为本、向上向善理念，让人工智能成为促进共同繁荣、维护共同安全的一个重要动力源，携手构建公正合理的全球人工智能治理体系。在此，我提4点意见。
第一，坚持开放共赢，驱动创新发展。人工智能是世界经济增长的新引擎和新旧动能转换的加速器，正从“数字世界”走向“物理世界”。要抓住难得的历史性机遇，鼓励开源开放、合作共享，全面促进人工智能科技创新、产业发展、场景应用，协同推进传统产业改造升级、新兴产业培育壮大、未来产业前瞻布局，让人工智能赋能千行百业。
第二，强化风险意识，确保安全可控。人工智能应当成为人类的可信工具。要高度重视人工智能引发的各类内生和衍生风险，推动构建法律法规、技术监测、风险预警、应急响应体系，筑牢安全底线，防范滥用恶用，确保人工智能始终处于人类控制之下。同时，应当共同反对在人工智能领域泛化国家安全概念、把本国安全凌驾于他国安全之上的做法。
第三，鼓励包容并蓄，促进文明互鉴。人工智能发展和应用不应该侵蚀和损害世界文明多样性和各国文化独特性。要用全人类共同价值塑造人工智能的价值观，善用人工智能技术增进不同文明的理解和包容，促进不同文明交流互鉴，精心培育各美其美、美美与共的文明百花园。
第四，倡导和衷共济，完善全球治理。人工智能是全人类共同的智慧结晶和宝贵财富。要践行真正的多边主义，切实发挥联合国的重要作用，加强人工智能发展战略、治理规则、技术标准的对接协调，早日形成具有广泛共识的全球治理框架，让这一前沿技术更好造福人类社会。要广泛开展国际合作，帮助全球南方国家加强能力建设，弥合数智鸿沟，促进可持续发展，避免在人工智能领域造成新的历史不公。
女士们、先生们、朋友们！
今年是中国“十五五”开局之年。“十五五”规划为未来5年中国经济社会发展擘画蓝图，也为国际社会提供机遇清单。近年来，中国积极拥抱人工智能发展，坚持有效市场和有为政府相结合，加强人工智能科技创新，积极推进“人工智能+”行动，培育各类主体共生共荣的健康生态，智能经济核心产业规模已经超过万亿元人民币。各类智能终端走进千家万户，切实惠及民生，“中国智造”已成为中国式现代化的又一亮丽名片。
同时，中国始终坚持发展和安全并重，把握人工智能发展趋势和规律，不断完善相关法律法规、政策制度、应用规范、伦理准则，确保人工智能安全、可靠、可控，让人工智能这匹千里马既跑得快又跑得稳。
作为负责任大国，中国在人工智能领域始终致力于做国际公共产品的提供者。我提出《全球人工智能治理倡议》以来，中方先后推动联合国大会协商一致通过人工智能能力建设国际合作决议，发布《人工智能能力建设普惠计划》和《“人工智能+”国际合作倡议》，倡议成立世界人工智能合作组织，源源不断贡献中国方案。
中国人常讲，单弦不成音，独木不成林。人工智能发展不应该是某个国家的独奏，而应当是全球合作的交响。在各方共同努力下，世界人工智能合作组织在上海应运而生，一年前的构想已经转化为实际成果。这是中方响应全球南方呼声、团结国际社会积极推动人工智能发展和治理的重大举措，将成为人工智能发展史上的一个重要里程碑。
为进一步支持全球人工智能发展、推进全球人工智能能力建设，我宣布，未来5年，中国将面向发展中国家提供5000个人工智能专题研修培训名额；面向东盟、阿盟、非盟、拉共体、上合组织、金砖国家建设国际人工智能应用合作中心；推动气象智能预警方案“妈祖”在30个国家落地应用，守望万家灯火，护佑四海安澜。
女士们、先生们、朋友们！
“明者因时而变，知者随事而制。”人工智能技术发展越是一日千里，向上向善、造福人类的方向越要正确锚定，监管治理的尺度越要精准把握，防范失控的措施越要及时完善。要始终用人类智慧和国际共识引领人工智能发展，使其真正成为增进全人类福祉、推动人类文明进步的强大正能量。
中国愿以更加开放的姿态、更加务实的行动、更加长远的目光，同各方一道把握和应对人工智能发展的机遇和挑战，携手共创人类社会更加美好的未来！
谢谢大家！
扫一扫在手机打开当前页",2227,"携手构建公正合理的全球人工智能治理体系
——在2026世界人工智能大会暨人工智能全球治理高级别会议开幕式上的主旨讲话
（2026年7月17日，上海）
中华人民共和国主席 习近平
尊敬的各位同事、各位来宾，
女士们，先生们，朋友们：
70年前，一群年轻学者在美国新罕布什尔州达特茅斯会议上首次提出人工智能概念。70年间，世界各国人工智能科学家和研发者不断在未知中求索、在曲折中前行、在坚守中突破。70年后，面对新一轮蓬勃发展的人工智能浪潮，我们相聚在浦江之畔，共同探讨促进全球人工智能朝着向上向善、造福人类的方向发展，具有重要意义。我谨代表中国政府和中国人民，对大家的到来表示热烈欢迎。
回望历史，蒸汽",,,合作|协同|共享|融合|对接,D,15,出现跨域关系词 +15,,,,合作|协同|共享|融合|对接,link_tracking,2026-07-20T16:49:41.950596+00:00,91f6755d30d835b9bd89f1725b9b029f7008a1ee1e95adbf4aeaa1b0932e09ff,parsed,auto_classified,1effa9438003ae50,,
c9ff81f7c45ac665,习近平出席2026世界人工智能大会暨人工智能全球治理高级别会议开幕式并发表主旨讲话,,,,,,,,,会议,false,evidence,规划与空间布局|科技创新,www.yantai.gov.cn,https://www.yantai.gov.cn/col/col11797/art/2026/art_a80534d147694a62ade3a08622287ce8.html,,,,html,"7月17日上午，国家主席习近平在上海世界会客厅出席2026世界人工智能大会暨人工智能全球治理高级别会议开幕式并发表主旨讲话。
黄浦江畔，潮启新澜。世界会客厅内嘉宾云集。
习近平同与会的国家元首、政府首脑、国际组织负责人及各国代表团团长集体合影。
在热烈的掌声中，习近平发表题为《携手构建公正合理的全球人工智能治理体系》的主旨讲话。
习近平指出，当前，世界百年变局加速演进，新一轮科技革命和产业变革加速突破，全球人工智能技术创新进入前所未有的活跃期，既蕴含巨大机遇，也面临治理挑战。人类不得不直面时代之问：当机器开始思考，人类如何与之相处？当算法参与决策，安全如何保障？当技术挑战伦理，治理如何跟上？当鸿沟不断拉大，普惠如何实现？中方认为，各国应当秉持以人为本、向上向善理念，让人工智能成为促进共同繁荣、维护共同安全的一个重要动力源，携手构建公正合理的全球人工智能治理体系。
习近平就此提出4点意见：
第一，坚持开放共赢，驱动创新发展。抓住难得的历史性机遇，鼓励开源开放、合作共享，全面促进人工智能科技创新、产业发展、场景应用，协同推进传统产业改造升级、新兴产业培育壮大、未来产业前瞻布局，让人工智能赋能千行百业。
第二，强化风险意识，确保安全可控。高度重视人工智能引发的各类内生和衍生风险，推动构建法律法规、技术监测、风险预警、应急响应体系，筑牢安全底线，防范滥用恶用，确保人工智能始终处于人类控制之下。共同反对在人工智能领域泛化国家安全概念、把本国安全凌驾于他国安全之上的做法。
第三，鼓励包容并蓄，促进文明互鉴。用全人类共同价值塑造人工智能的价值观，善用人工智能技术增进不同文明的理解和包容，促进不同文明交流互鉴，精心培育各美其美、美美与共的文明百花园。
第四，倡导和衷共济，完善全球治理。践行真正的多边主义，切实发挥联合国的重要作用，加强人工智能发展战略、治理规则、技术标准的对接协调，早日形成具有广泛共识的全球治理框架，让这一前沿技术更好造福人类社会。帮助全球南方国家加强能力建设，弥合数智鸿沟，促进可持续发展，避免在人工智能领域造成新的历史不公。
习近平强调，今年是中国“十五五”开局之年。“十五五”规划为未来5年中国经济社会发展擘画蓝图，也为国际社会提供机遇清单。近年来，中国坚持有效市场和有为政府相结合，加强人工智能科技创新，积极推进“人工智能+”行动，培育各类主体共生共荣的健康生态，智能经济核心产业规模已经超过万亿元人民币，“中国智造”已成为中国式现代化的又一亮丽名片。同时，中国坚持发展和安全并重，不断完善相关法律法规、政策制度、应用规范、伦理准则，确保人工智能安全、可靠、可控。作为负责任大国，中国在人工智能领域始终致力于做国际公共产品的提供者，源源不断贡献中国方案。
习近平指出，在各方共同努力下，世界人工智能合作组织在上海应运而生。这是中方响应全球南方呼声、团结国际社会积极推动人工智能发展和治理的重大举措，将成为人工智能发展史上的一个重要里程碑。为进一步支持全球人工智能发展、推进全球人工智能能力建设，未来5年，中国将面向发展中国家提供5000个人工智能专题研修培训名额；面向东盟、阿盟、非盟、拉共体、上合组织、金砖国家建设国际人工智能应用合作中心；推动气象智能预警方案“妈祖”在30个国家落地应用。中国愿以更加开放的姿态、更加务实的行动、更加长远的目光，同各方一道把握和应对人工智能发展的机遇和挑战，携手共创人类社会更加美好的未来。
哈萨克斯坦总统托卡耶夫、柬埔寨首相洪玛奈、泰国总理阿努廷、联合国秘书长古特雷斯分别致辞。他们热烈祝贺世界人工智能合作组织协定签署仪式在上海举行，高度评价中国为推动人工智能全球治理作出的重要贡献，积极呼应习近平主席提出的倡议和举措。各方表示，人工智能有望成为人类最大的发展机遇，也潜藏着风险。中国倡导智能向善、普惠包容、安全可控，积极帮助发展中国家加强相关能力建设，推动人工智能国际合作，彰显了负责任的大国担当。人工智能技术应由各国共享共治，使其公平惠及所有国家，服务全人类可持续发展，消弭全球数智鸿沟和南北发展差距。人工智能带来的机遇与挑战跨越国界，需要各方携手合作把握和应对。希望并相信世界人工智能合作组织将为此发挥重要作用，通过开放包容、平等互惠的合作，共同打造安全、繁荣、不让任何国家掉队的美好未来。
大会发表《2026世界人工智能大会暨人工智能全球治理高级别会议主席声明》。
7月16日晚，习近平和夫人彭丽媛在世界会客厅为与会国际贵宾举行欢迎宴会。
蔡奇、丁薛祥、王毅等出席上述活动。
陈吉宁主持开幕式。
（记者 王永前、杨依军）
扫一扫在手机打开当前页",1913,"7月17日上午，国家主席习近平在上海世界会客厅出席2026世界人工智能大会暨人工智能全球治理高级别会议开幕式并发表主旨讲话。
黄浦江畔，潮启新澜。世界会客厅内嘉宾云集。
习近平同与会的国家元首、政府首脑、国际组织负责人及各国代表团团长集体合影。
在热烈的掌声中，习近平发表题为《携手构建公正合理的全球人工智能治理体系》的主旨讲话。
习近平指出，当前，世界百年变局加速演进，新一轮科技革命和产业变革加速突破，全球人工智能技术创新进入前所未有的活跃期，既蕴含巨大机遇，也面临治理挑战。人类不得不直面时代之问：当机器开始思考，人类如何与之相处？当算法参与决策，安全如何保障？当技术挑战伦理，治理如何跟上？当",,,合作|协同|共享|对接,D,15,出现跨域关系词 +15,,,,合作|协同|共享|对接,link_tracking,2026-07-20T16:49:42.302856+00:00,ec118a361842dd372c88aec0be104fb378494bb0ff7f8400f84853c968df8caf,parsed,pending,8328c63531e1bd46,,
8e8519166c2dd403,习近平会见哈萨克斯坦总统托卡耶夫,,,,,,,,,会议,false,evidence,规划与空间布局|体制机制|交通互联|公共服务|科技创新|财政支持|重大项目,www.yantai.gov.cn,https://www.yantai.gov.cn/col/col11797/art/2026/art_5279168b84cd4b2398c77f263a6ea381.html,,,,html,"7月16日下午，国家主席习近平在上海西郊宾馆会见来华出席2026世界人工智能大会暨人工智能全球治理高级别会议的哈萨克斯坦总统托卡耶夫。新华社记者 翟健岚 摄
7月16日下午，国家主席习近平在上海西郊宾馆会见来华出席2026世界人工智能大会暨人工智能全球治理高级别会议的哈萨克斯坦总统托卡耶夫。
习近平指出，世界百年变局深刻复杂演进，中哈关系在考验和洗礼中历久弥坚，两国永久全面战略伙伴关系保持高水平运行，展现了巨大合作潜力和广阔发展空间。中方刚刚庆祝了中国共产党成立105周年。中国共产党之所以能够在奋斗中不断铸就辉煌，历史和人民之所以选择中国共产党，根本在于中国共产党具有矢志追求真理、深深植根人民、勇担历史使命、顺应发展潮流、敢于善于斗争、注重强健自身等优秀特质。这是中国共产党为什么能的关键密码。哈萨克斯坦正在大力推进全面改革，这是着眼国家未来作出的战略规划。中哈双方要加强发展战略和政策对接，不断提升务实合作水平，助力共同发展，推动中哈战略协作不断迈上新台阶、取得新成果。
习近平强调，坚定推进中哈全面合作，符合两国和两国人民根本利益。双方要推动贸易创新发展，优化贸易结构，培育跨境电商、服务贸易新业态；拓展能源矿产合作，加快推进重点项目落地实施；推进互联互通建设，增开更多直航航班，提升国际道路运输便利化水平；培育新质生产力，中方愿分享数字经济、人工智能等技术，助力哈萨克斯坦实现数字化转型；办好“中哈文化交流年”，加强教育、科技、医疗、卫生、体育、媒体等合作，夯实世代友好根基。中方愿同哈方共同践行四大全球倡议，在联合国、上海合作组织、中国－中亚机制等多边机制内加强协调和配合，共同捍卫国际公平正义。
7月16日下午，国家主席习近平在上海西郊宾馆会见来华出席2026世界人工智能大会暨人工智能全球治理高级别会议的哈萨克斯坦总统托卡耶夫。新华社记者 殷博古 摄
托卡耶夫表示，很高兴来到上海这一充满创新活力的城市出席世界人工智能大会。热烈祝贺中国共产党成立105周年，祝贺中国在习近平主席英明领导下取得举世瞩目的发展成就。哈萨克斯坦视对华关系为哈外交首要方向，致力于不断加强同中国的永久全面战略伙伴关系。哈方完全同意并将同中方积极落实习近平主席关于发展双边关系的重要意见，期待同中方密切高层交往，加强贸易、投资、交通、能源、农业、数字经济等方面务实合作，促进人文交流，让两国关系发展取得更多实实在在的成果。哈方高度赞赏和支持习近平主席提出的四大全球倡议和构建人类命运共同体理念，愿同中方在联合国、上海合作组织、中国－中亚机制、亚信等多边平台继续保持高水平协作，积极开展人工智能全球治理合作，共同促进全球可持续发展与和平稳定。
会见后，两国元首共同见证签署和宣布经贸、交通、财政、媒体等领域多项合作文件。
蔡奇、丁薛祥、王毅、陈吉宁等参加上述活动。
（记者 陈国军、马卓言）
扫一扫在手机打开当前页",1203,"7月16日下午，国家主席习近平在上海西郊宾馆会见来华出席2026世界人工智能大会暨人工智能全球治理高级别会议的哈萨克斯坦总统托卡耶夫。新华社记者 翟健岚 摄
7月16日下午，国家主席习近平在上海西郊宾馆会见来华出席2026世界人工智能大会暨人工智能全球治理高级别会议的哈萨克斯坦总统托卡耶夫。
习近平指出，世界百年变局深刻复杂演进，中哈关系在考验和洗礼中历久弥坚，两国永久全面战略伙伴关系保持高水平运行，展现了巨大合作潜力和广阔发展空间。中方刚刚庆祝了中国共产党成立105周年。中国共产党之所以能够在奋斗中不断铸就辉煌，历史和人民之所以选择中国共产党，根本在于中国共产党具有矢志追求真理、深深植根人民",,,合作|互联互通|对接,D,15,出现跨域关系词 +15,,,,合作|互联互通|对接,link_tracking,2026-07-20T16:49:42.638618+00:00,fcfabbc04fd5eaaa49a43147ffd614e7c6038f5f3780c2ea7d3193b2d01c2476,parsed,pending,,,
